<?xml version="1.0" encoding="UTF-8"?>
<!DOCTYPE hibernate-configuration PUBLIC
		"-//Hibernate/Hibernate Configuration DTD 3.0//EN"
		"http://www.hibernate.org/dtd/hibernate-configuration-3.0.dtd">
<hibernate-configuration>
    <session-factory>
        <property name="hibernate.connection.driver_class">org.gjt.mm.mysql.Driver</property>
        <property name="hibernate.connection.password">root</property>
        <property name="hibernate.connection.url">jdbc:mysql://localhost:3306/test</property>
        <property name="hibernate.connection.username">snigda</property>
        <property name="hibernate.dialect">org.hibernate.dialect.MySQL5Dialect</property>
    </session-factory>
</hibernate-configuration>