<?xml version="1.0" encoding="UTF-8"?>
<!DOCTYPE hibernate-mapping PUBLIC
 "-//Hibernate/Hibernate Mapping DTD 3.0//EN"
 "http://hibernate.sourceforge.net/hibernate-mapping-3.0.dtd">

<hibernate-mapping package="com.mtc.app.utl">
 <class name="Person" table="PERSON">
   <composite-id>
     <key-property name="email" column="ID" />
     <key-property name="name" column="NAME" />
   </composite-id>
   <property name="id" column="ID" />
    <property name="age" column="AGE" />
 </class>
</hibernate-mapping>